Home,AwayClemson,Notre DameAlabama,OklahomaMinnesota,Georgia TechMiami,WisconsinPurdue,AuburnWest Virginia,SyracuseIowa State,Washington StateFlorida,MichiganSouth Carolina,VirginiaStanford,PittMichigan State,OregonMissouri,Oklahoma StateNorthwestern,UtahNorth Carolina State,Texas A&MMississippi State,IowaKentucky,Penn StateWashington,Ohio StateTexas,Georgia